LOD-Artikel;Grondformen;Wuertaart
A1;A;Substantiv, Neutrum
AARBECHT1;Aarbecht;Substantiv, Femininum
AARBECHTER1;Aarbechter;Substantiv, Maskulinum
AARBECHTERIN1;Aarbechterin;Substantiv, Femininum
AARBECHTSKOLLEEG1;Aarbechtskolleeg;Substantiv, Maskulinum
AARBECHTSKOLLEEGIN1;Aarbechtskolleegin;Substantiv, Femininum
ABRELL1;Abrëll;Substantiv, Maskulinum
ADDI2;äddi;Interjektioun
ADMINISTRATIV1;administrativ;Adjektiv
ADRESS1;Adress;Substantiv, Femininum
AERDBIER1;Äerdbier;Substantiv, Femininum/Neutrum
AERDBIER2;Äerdbier;Substantiv, Neutrum
AEROBIC1;Aerobic;Substantiv, Maskulinum
AFFEKOT1;Affekot;Substantiv, Maskulinum
AFFEKOTIN1;Affekotin;Substantiv, Femininum
AKAFEN1;akafen;Verb
AKAFSLESCHT1;Akafslëscht;Substantiv, Femininum
AL1;al;Adjektiv
ALL2;all;Indefinitpronomen
ALLEN1;allen;Indefinitpronomen
ALLES1;alles;Indefinitpronomen
ALS1;als;Konjunktioun
ALSO1;also;Adverb
ALT2;alt;Partikel
ALTERSHEEM1;Altersheem;Substantiv, Neutrum
AM1;am;
AMESEIEREN1;ameséieren;Verb
AN2;an;Konjunktioun
AN3;an;Prepositioun
ANANAS1;Ananas;Substantiv, Maskulinum/Femininum
ANER1;aner;Indefinitpronomen
ANEREN1;aneren;Indefinitpronomen
ANIMATIOUN1;Animatioun;Substantiv, Femininum
ANNERHALLEF1;annerhallef;Adjektiv
APDIKT1;Apdikt;Substantiv, Femininum
APDIKTER1;Apdikter;Substantiv, Maskulinum
APDIKTESCH1;Apdiktesch;Substantiv, Femininum
APEL1;Apel;Substantiv, Maskulinum
APPELTASCH1;Äppeltäsch;Substantiv, Femininum
APRIKOS1;Aprikos;Substantiv, Femininum
ARCHITEKT1;Architekt;Substantiv, Maskulinum
ARCHITEKTIN1;Architektin;Substantiv, Femininum
ATTRAKTIOUN1;Attraktioun;Substantiv, Femininum
AUBERGINE2;Aubergine;Substantiv, Femininum
AUER1;Auer;Substantiv, Femininum
AUGUST1;August;Substantiv, Maskulinum
AUS2;aus;Prepositioun
AUSFLUCH1;Ausfluch;Substantiv, Maskulinum
AUSLAND1;Ausland;Substantiv, Neutrum
AUSSER1;ausser;Konjunktioun
AUSSER2;ausser;Prepositioun
AUTO1;Auto;Substantiv, Maskulinum
AWAR1;Awar;Substantiv, Maskulinum
AWER1;awer;Adverb
AWER2;awer;Konjunktioun
AWER3;awer;Partikel
AWUER1;Awuer;Substantiv, Maskulinum
AWUNNER1;Awunner;Substantiv, Maskulinum
AWUNNERIN1;Awunnerin;Substantiv, Femininum
BAART1;Baart;Substantiv, Maskulinum
BABYSITTER1;Babysitter;Substantiv, Maskulinum
BABYSITTERIN1;Babysitterin;Substantiv, Femininum
BACKER1;Bäcker;Substantiv, Maskulinum
BACKEREI1;Bäckerei;Substantiv, Femininum
BACKESCH1;Bäckesch;Substantiv, Femininum
BAGUETTE1;Baguette;Substantiv, Femininum
BAKEN1;baken;Verb
BANANN1;Banann;Substantiv, Femininum
BAND4;Band;Substantiv, Femininum
BANK1;Bank;Substantiv, Femininum
BASILIKA1;Basilika;Substantiv, Femininum
BASKET1;Basket;Substantiv, Maskulinum
BASTELEN1;bastelen;Verb
BAUCH1;Bauch;Substantiv, Maskulinum
BAUER1;Bauer;Substantiv, Maskulinum
BAUEREFRA1;Bauerefra;Substantiv, Femininum
BECHS1;Béchs;Substantiv, Femininum
BEDECKT1;bedeckt;Adjektiv
BEI2;bei;Prepositioun
BEIM1;beim;
BEIS1;béis;Adjektiv
BEISPILL1;Beispill;Substantiv, Neutrum
BELLEG1;bëlleg;Adjektiv
BENSINN1;Bensinn;Substantiv, Maskulinum
BERUFF1;Beruff;Substantiv, Maskulinum
BESSEN1;bëssen;Indefinitpronomen
BESSERUNG1;Besserung;Substantiv, Femininum
BESTELLEN1;bestellen;Verb
BESTEMMT2;bestëmmt;Adverb
BESTOEN1;bestoen;Verb
BESTUET1;bestuet;Adjektiv
BETT1;Bett;Substantiv, Neutrum
BEZUELEN1;bezuelen;Verb
BIER3;Bier;Substantiv, Femininum
BIS1;bis;Prepositioun
BIS2;bis;Konjunktioun
BLAISTEFT1;Bläistëft;Substantiv, Maskulinum
BLEIWEN1;bleiwen;Verb
BLO1;blo;Adjektiv
BLOND1;blond;Adjektiv
BLUMMEBUTTEK1;Blummebuttek;Substantiv, Maskulinum
BOER1;boer;Adjektiv
BOMA1;Boma;Substantiv, Femininum
BOMI1;Bomi;Substantiv, Femininum
BONJOUR2;bonjour;Interjektioun
BOPA1;Bopa;Substantiv, Maskulinum
BOPI1;Bopi;Substantiv, Maskulinum
BOTTER1;Botter;Substantiv, Maskulinum
BOTZFRA1;Botzfra;Substantiv, Femininum
BOTZMANN1;Botzmann;Substantiv, Maskulinum
BOUF1;Bouf;Substantiv, Maskulinum
BOUN1;Boun;Substantiv, Femininum
BRASSERIE1;Brasserie;Substantiv, Femininum
BRAUCHEN1;brauchen;Verb
BRAUCHEN2;brauchen;Modalverb
BRAUTPUER1;Brautpuer;Substantiv, Neutrum
BRAV1;brav;Adjektiv
BREIFDREIER1;Bréifdréier;Substantiv, Maskulinum
BREIFDREIESCH1;Bréifdréiesch;Substantiv, Femininum
BREITCHEN1;Bréitchen;Substantiv, Neutrum
BRELL1;Brëll;Substantiv, Maskulinum
BRENGEN1;bréngen;Verb
BRODEN1;broden;Verb
BRONG1;brong;Adjektiv
BROUT1;Brout;Substantiv, Neutrum
BRUDDER1;Brudder;Substantiv, Maskulinum
BUCH1;Buch;Substantiv, Neutrum
BURO1;Büro;Substantiv, Maskulinum
BUS1;Bus;Substantiv, Maskulinum
BUTTEK1;Buttek;Substantiv, Maskulinum
CAISSIERE1;Caissière;Substantiv, Femininum
CERTIFICAT1;Certificat;Substantiv, Maskulinum
CHAMPIGNON1;Champignon;Substantiv, Maskulinum
CHARCUTERIE1;Charcuterie;Substantiv, Femininum
CHOMAGE1;Chômage;Substantiv, Maskulinum
CHOUFLEUR1;Choufleur;Substantiv, Maskulinum
CHRESCHT1;Chrëscht;Substantiv, Maskulinum
CHRESCHTBEEMCHEN1;Chrëschtbeemchen;Substantiv, Maskulinum
CHRESCHTDAG1;Chrëschtdag;Substantiv, Maskulinum
CHRESCHTIN1;Chrëschtin;Substantiv, Femininum
CHRESCHTMAART1;Chrëschtmaart;Substantiv, Maskulinum
CLASSEUR1;Classeur;Substantiv, Maskulinum
CLIENT1;Client;Substantiv, Maskulinum
CLIENTE1;Cliente;Substantiv, Femininum
COIFFER1;Coiffer;Substantiv, Maskulinum
COIFFERSALON1;Coiffersalon;Substantiv, Maskulinum
COIFFEUR1;Coiffeur;Substantiv, Maskulinum
COIFFEURSSALON1;Coiffeurssalon;Substantiv, Maskulinum
COIFFEUSE1;Coiffeuse;Substantiv, Femininum
COMPTABEL1;Comptabel;Substantiv, Maskulinum
COMPTABEL2;Comptabel;Substantiv, Femininum
COMPUTER1;Computer;Substantiv, Maskulinum
CONCERT1;Concert;Substantiv, Maskulinum
COOL1;cool;Adjektiv
CORTEGE1;Cortège;Substantiv, Maskulinum
COURGETTE1;Courgette;Substantiv, Femininum
COURS1;Cours;Substantiv, Maskulinum
COUSIN1;Cousin;Substantiv, Maskulinum
COUSINE1;Cousine;Substantiv, Femininum
CRECHE1;Crèche;Substantiv, Femininum
CROISSANT1;Croissant;Substantiv, Maskulinum
DACKS1;dacks;Adverb
DAERFEN1;däerfen;Modalverb
DAG1;Dag;Substantiv, Maskulinum
DANN2;dann;Adverb
DAUEREN1;daueren;Verb
DECK1;déck;Adjektiv
DECKEN2;decken;Verb
DEEG1;Deeg;Substantiv, Maskulinum
DEIER2;deier;Adjektiv
DEIERENDOKTER1;Déierendokter;Substantiv, Maskulinum
DEIERENDOKTESCH1;Déierendoktesch;Substantiv, Femininum
DENN1;dënn;Adjektiv
DENSCHDEG1;Dënschdeg;Substantiv, Maskulinum
DENSCHDES1;dënschdes;Adverb
DEPPCHEN1;Dëppchen;Substantiv, Neutrum
DESCH1;Dësch;Substantiv, Maskulinum
DESSERT1;Dessert;Substantiv, Maskulinum
DEZEMBER1;Dezember;Substantiv, Maskulinum
DIER1;Dier;Substantiv, Femininum
DIREKT2;direkt;Adverb
DIREKTER1;Direkter;Substantiv, Maskulinum
DIREKTESCH1;Direktesch;Substantiv, Femininum
DISKO1;Disko;Substantiv, Femininum
DO1;do;Adverb
DO6;Do;Substantiv, Maskulinum
DOBAI1;dobäi;staarkt Pronominaladverb
DOHEEM2;doheem;Adverb
DOHEEMBLEIWEN1;doheembleiwen;Verb
DOKTER1;Dokter;Substantiv, Maskulinum
DOKTESCH1;Doktesch;Substantiv, Femininum
DONNESCHDEG1;Donneschdeg;Substantiv, Maskulinum
DONNESCHDES1;donneschdes;Adverb
DONO1;dono;staarkt Pronominaladverb
DOSEN1;Dosen;Substantiv, Femininum
DOSSIER1;Dossier;Substantiv, Maskulinum
DRAUF1;Drauf;Substantiv, Femininum
DRECHEN1;dréchen;Adjektiv
DRENKEN1;drénken;Verb
DU1;du;Adverb
DUECHTER1;Duechter;Substantiv, Femininum
DUERCH3;duerch;Prepositioun
DUERNO1;duerno;staarkt Pronominaladverb
DUSCH1;Dusch;Substantiv, Femininum
DUSCHEN1;duschen;Verb
ECK1;Eck;Substantiv, Maskulinum
EDUCATEUR1;Educateur;Substantiv, Maskulinum
EDUCATRICE1;Educatrice;Substantiv, Femininum
EE1;Ee;Substantiv, Neutrum
EEMOL1;eemol;Adverb
ELEKTRIKER1;Elektriker;Substantiv, Maskulinum
ELEKTRIKERIN1;Elektrikerin;Substantiv, Femininum
ELENG1;eleng;Adjektiv
ELLEN1;ellen;Adjektiv
ELO1;elo;Adverb
ELTEREN1;Elteren;Substantiv
EMGEIGEND1;Ëmgéigend;Substantiv, Femininum
EMMER1;ëmmer;Adverb
EMPLOYE1;Employé;Substantiv, Maskulinum
EMPLOYEE1;Employée;Substantiv, Femininum
ENKEL1;Enkel;Substantiv, Maskulinum
ENKELIN1;Enkelin;Substantiv, Femininum
ENKELKAND1;Enkelkand;Substantiv, Neutrum
ENN1;Enn;Substantiv, Neutrum
ENN2;Ënn;Substantiv, Femininum
ENTREE1;Entrée;Substantiv, Femininum
EPPES1;eppes;Indefinitpronomen
EREISCHT1;eréischt;Adverb
ERWACHEN1;erwächen;Verb
ESOU1;esou;Adverb
ESTHETICIEN1;Estheticien;Substantiv, Maskulinum
ESTHETICIENNE1;Estheticienne;Substantiv, Femininum
EURO1;Euro;Substantiv, Maskulinum
EWEI1;ewéi;Konjunktioun
EXTRA3;extra;Adverb
FAMILL1;Famill;Substantiv, Femininum
FAMILLJENNUMM1;Familljennumm;Substantiv, Maskulinum
FANKEN1;fänken;Verb
FANNEN1;fannen;Verb
FASTFOOD1;Fastfood;Substantiv, Maskulinum
FEBRUAR1;Februar;Substantiv, Maskulinum
FEIERDAG1;Feierdag;Substantiv, Maskulinum
FEIEREN1;feieren;Verb
FEIWER1;Féiwer;Substantiv, Femininum/Neutrum
FESCH1;Fësch;Substantiv, Maskulinum
FICHE1;Fiche;Substantiv, Femininum
FIERWEN1;fierwen;Verb
FILM1;Film;Substantiv, Maskulinum
FINANZEN1;Finanzen;Substantiv, Femininum
FIR2;fir;Prepositioun
FIR3;fir;Konjunktioun
FIRMA1;Firma;Substantiv, Femininum
FIRWAT1;firwat;Adverb
FIX1;fix;Adjektiv
FLASCH1;Fläsch;Substantiv, Femininum
FLEESCH1;Fleesch;Substantiv, Neutrum
FLIGER1;Fliger;Substantiv, Maskulinum
FLOTT2;flott;Adjektiv
FLOUMAART1;Floumaart;Substantiv, Maskulinum
FOTO1;Foto;Substantiv, Femininum
FOTOGRAF1;Fotograf;Substantiv, Maskulinum
FOTOGRAFIN1;Fotografin;Substantiv, Femininum
FRA1;Fra;Substantiv, Femininum
FRAI1;fräi;Adjektiv
FRAIHUNN1;fräihunn;Verb
FRAIZAIT1;Fräizäit;Substantiv, Femininum
FREIDEG1;Freideg;Substantiv, Maskulinum
FREIDES1;freides;Adverb
FREIJOER1;Fréijoer;Substantiv, Neutrum
FREND1;Frënd;Substantiv, Maskulinum
FRENDIN1;Frëndin;Substantiv, Femininum
FRITT1;Fritt;Substantiv, Femininum
FROU1;frou;Adjektiv
FUEREN1;fueren;Verb
FUSSBALL1;Fussball;Substantiv, Maskulinum
FUSSBALLSMATCH1;Fussballsmatch;Substantiv, Maskulinum
GANZ1;ganz;Adjektiv
GANZ2;ganz;Adverb
GAR1;gär;Adverb
GARAGE1;Garage;Substantiv, Maskulinum/Femininum
GEBEESS1;Gebeess;Substantiv, Neutrum
GEBIEREN1;gebieren;Verb
GEBUERT1;Gebuert;Substantiv, Femininum
GEBUERTSDAG1;Gebuertsdag;Substantiv, Maskulinum
GEBUERTSDATUM1;Gebuertsdatum;Substantiv, Maskulinum
GEDICHT1;Gedicht;Substantiv, Neutrum
GEDRENKS1;Gedrénks;Substantiv, Neutrum
GEI2;Gei;Substantiv, Femininum
GEINT1;géint;Prepositioun
GELIFT1;gelift;Partikel
GEMEIS1;Geméis;Substantiv, Neutrum
GEMENG1;Gemeng;Substantiv, Femininum
GENAU1;genau;Adjektiv
GENEE1;genee;Adjektiv
GENIAL1;genial;Adjektiv
GEOGRAFESCH1;geografesch;Adjektiv
GESCHEIEN1;geschéien;Verb
GESCHWESTER1;Geschwëster;Substantiv
GESELLSCHAFTSSPILL1;Gesellschaftsspill;Substantiv, Neutrum
GESOND1;gesond;Adjektiv
GIEL1;giel;Adjektiv
GINN1;ginn;Verb
GINN4;ginn;Verb
GLACE2;Glace;Substantiv, Femininum
GLAICHFALLS1;gläichfalls;Adverb
GLAS1;Glas;Substantiv, Neutrum
GOEN1;goen;Verb
GOLDEG1;goldeg;Adjektiv
GRAD1;Grad;Substantiv, Maskulinum
GRAFF1;graff;Adjektiv
GRAMM1;Gramm;Substantiv, Maskulinum
GRENG1;gréng;Adjektiv
GRING1;gring;Adjektiv
GRIPP1;Gripp;Substantiv, Femininum
GROMPER1;Gromper;Substantiv, Femininum
GROMPEREKICHELCHEN1;Gromperekichelchen;Substantiv, Maskulinum
GRONDSCHOUL1;Grondschoul;Substantiv, Femininum
GROUSS2;grouss;Adjektiv
GROUSSELTEREN1;Grousselteren;Substantiv
GROUSSHERZOG1;Groussherzog;Substantiv, Maskulinum
GROUSSHERZOGIN1;Groussherzogin;Substantiv, Femininum
GROUSSMAMM1;Groussmamm;Substantiv, Femininum
GROUSSPAPP1;Grousspapp;Substantiv, Maskulinum
GRUPP1;Grupp;Substantiv, Maskulinum/Femininum
GUER1;guer;Adverb
GUTT2;gutt;Adjektiv
HAAPTMOLZECHT1;Haaptmolzecht;Substantiv, Femininum
HAAPTPLAT1;Haaptplat;Substantiv, Maskulinum
HAAPTSTAD1;Haaptstad;Substantiv, Femininum
HALLEF1;hallef;Adjektiv
HALS1;Hals;Substantiv, Maskulinum
HAM1;Ham;Substantiv, Femininum
HAMBURGER1;Hamburger;Substantiv, Maskulinum
HANDY1;Handy;Substantiv, Maskulinum
HANDYSNUMMER1;Handysnummer;Substantiv, Femininum
HAR2;Här;Substantiv, Maskulinum
HARIN1;Härin;Substantiv, Femininum
HAUT1;haut;Adverb
HAUTDESDAAGS1;hautdesdaags;Adverb
HEEMFUEREN1;heemfueren;Verb
HEESCHEN1;heeschen;Verb
HEI1;hei;Adverb
HEIANSDO1;heiansdo;Adverb
HELLEFEN1;hëllefen;Verb
HERNO1;herno;Adverb
HIERSCHT1;Hierscht;Substantiv, Maskulinum
HOCHZAIT1;Hochzäit;Substantiv, Femininum
HOER1;Hoer;Substantiv, Neutrum
HOND1;Hond;Substantiv, Maskulinum
HOTEL1;Hotel;Substantiv, Maskulinum
HOUSCHT1;Houscht;Substantiv, Maskulinum
HOUSEKER1;Houseker;Substantiv, Maskulinum
HUELEN1;huelen;Verb
HUNN1;hunn;Verb
HUNN3;hunn;Hëllefsverb
HUNNEG1;Hunneg;Substantiv, Maskulinum
IDDI1;Iddi;Substantiv, Femininum
IESSEN3;iessen;Verb
IESSGEWUNNECHT1;Iessgewunnecht;Substantiv, Femininum
IMMENS1;immens;Adjektiv
IMMENS2;immens;Adverb
INFIRMIER1;Infirmier;Substantiv, Maskulinum
INFIRMIERE1;Infirmière;Substantiv, Femininum
INFORMATIKER1;Informatiker;Substantiv, Maskulinum
INFORMATIKERIN1;Informatikerin;Substantiv, Femininum
INFORMATIOUN1;Informatioun;Substantiv, Femininum
INTERESSANT1;interessant;Adjektiv
IWWERSETZER1;Iwwersetzer;Substantiv, Maskulinum
IWWERSETZERIN1;Iwwersetzerin;Substantiv, Femininum
JANUAR1;Januar;Substantiv, Maskulinum
JO1;jo;Partikel
JOER1;Joer;Substantiv, Neutrum
JOFFER1;Joffer;Substantiv, Femininum
JONG1;Jong;Substantiv, Maskulinum
JONGGESELL1;Jonggesell;Substantiv, Maskulinum
JONGGESELLIN1;Jonggesellin;Substantiv, Femininum
JONK1;jonk;Adjektiv
JORESZAIT1;Joreszäit;Substantiv, Femininum
JOURNALIST1;Journalist;Substantiv, Maskulinum
JOURNALISTIN1;Journalistin;Substantiv, Femininum
JUGURT1;Jugurt;Substantiv, Maskulinum
JULI1;Juli;Substantiv, Maskulinum
JUNI1;Juni;Substantiv, Maskulinum
JUS1;Jus;Substantiv, Maskulinum
JUST2;just;Adverb
KAART1;Kaart;Substantiv, Femininum
KACH1;Kach;Substantiv, Maskulinum
KACHEN1;Kächen;Substantiv, Femininum
KACHEN2;kachen;Verb
KACHIN1;Kächin;Substantiv, Femininum
KACHKEIS1;Kachkéis;Substantiv, Maskulinum
KADDO1;Kaddo;Substantiv, Maskulinum
KAERZ1;Käerz;Substantiv, Femininum
KAFEN1;kafen;Verb
KAFFI1;Kaffi;Substantiv, Maskulinum
KAFFIDRENKEN1;Kaffidrénken;Substantiv, Neutrum
KAL1;kal;Adjektiv
KAMELL1;Kamell;Substantiv, Femininum
KAND1;Kand;Substantiv, Neutrum
KANNAPEE1;Kannapee;Substantiv, Maskulinum
KANTIN1;Kantin;Substantiv, Femininum
KAPP1;Kapp;Substantiv, Maskulinum
KASCHTEN2;kaschten;Verb
KAZ1;Kaz;Substantiv, Femininum
KEEN1;keen;Indefinitpronomen
KEESS1;Keess;Substantiv, Femininum
KEESSJEE1;Keessjee;Substantiv, Maskulinum
KEIER1;Kéier;Substantiv, Femininum
KEIS1;Kéis;Substantiv, Maskulinum
KENG3;keng;Indefinitpronomen
KENNEN1;kënnen;Modalverb
KENNEN3;kënnen;Verb
KETCHUP1;Ketchup;Substantiv, Maskulinum
KICHELCHEN1;Kichelchen;Substantiv, Maskulinum
KIERMES1;Kiermes;Substantiv, Femininum
KIISCHT1;Kiischt;Substantiv, Femininum
KILO1;Kilo;Substantiv, Maskulinum
KINO1;Kino;Substantiv, Maskulinum
KIWI1;Kiwi;Substantiv, Maskulinum/Femininum
KLEESCHEN2;Kleeschen;Substantiv, Maskulinum
KLEESERCHERSDAG1;Kleeserchersdag;Substantiv, Maskulinum
KLENG1;kleng;Adjektiv
KLINICK1;Klinick;Substantiv, Femininum
KNATSCH1;Knätsch;Substantiv, Maskulinum
KOMMEN1;kommen;Verb
KOMPLETT1;komplett;Adjektiv
KOMPLIZEIERT1;komplizéiert;Adjektiv
KONTAKT1;Kontakt;Substantiv, Maskulinum
KONTROLLEIEREN1;kontrolléieren;Verb
KONVENIAT1;Konveniat;Substantiv, Maskulinum
KOPPEL1;Koppel;Substantiv, Femininum
KORNISCHONG1;Kornischong;Substantiv, Femininum
KOSENG1;Koseng;Substantiv, Maskulinum
KRANK1;krank;Adjektiv
KRAUT1;Kraut;Substantiv, Neutrum
KREIEN2;kréien;Verb
KUCH1;Kuch;Substantiv, Maskulinum
KUCKEN1;kucken;Verb
KUERZ1;kuerz;Adjektiv
KURBIS1;Kürbis;Substantiv, Maskulinum
KUSIN1;Kusin;Substantiv, Femininum
KUSS1;Kuss;Substantiv, Maskulinum
LAANG1;laang;Adjektiv
LAFEN1;lafen;Verb
LAFFEL1;Läffel;Substantiv, Maskulinum
LAMPION1;Lampion;Substantiv, Maskulinum
LANGWEILEG1;langweileg;Adjektiv
LAUSCHTEREN1;lauschteren;Verb
LEIEN2;leien;Verb
LEIEREN2;léieren;Verb
LEIERJONG1;Léierjong;Substantiv, Maskulinum
LEIERMEEDCHEN1;Léiermeedchen;Substantiv, Neutrum
LEIF2;léif;Adjektiv
LEIT1;Leit;Substantiv
LEIWER1;léiwer;Adverb
LETZEBUERGER2;Lëtzebuerger;onverännerbaart Adjektiv
LETZEBUERGESCH1;lëtzebuergesch;Adjektiv
LETZEBUERGESCH2;Lëtzebuergesch;Substantiv, Neutrum
LIBLINGSIESSEN1;Liblingsiessen;Substantiv, Neutrum
LIBRAIRIE1;Librairie;Substantiv, Femininum
LIDD1;Lidd;Substantiv, Neutrum
LIESEN1;liesen;Verb
LIICHT1;liicht;Adjektiv
LIICHTEN1;liichten;Verb
LIICHTMESSDAG1;Liichtmëssdag;Substantiv, Maskulinum
LITER1;Liter;Substantiv, Maskulinum
LOFT1;Loft;Substantiv, Femininum
LOFTBALLON1;Loftballon;Substantiv, Maskulinum
LUES1;lues;Adjektiv
LUTSCH1;Lutsch;Substantiv, Femininum
LYCEE1;Lycée;Substantiv, Maskulinum
MA1;mä;Konjunktioun
MAACHEN1;maachen;Verb
MAART1;Maart;Substantiv, Maskulinum
MADAME1;Madame;Substantiv, Femininum
MADAMM1;Madamm;Substantiv, Femininum
MAERZ1;Mäerz;Substantiv, Maskulinum
MAM2;mam;
MAMM1;Mamm;Substantiv, Femininum
MAMMA1;Mamma;Substantiv, Femininum
MAMMENDAG1;Mammendag;Substantiv, Maskulinum
MANGO1;Mango;Substantiv, Femininum
MANN1;Mann;Substantiv, Maskulinum
MANNST1;mannst;Indefinitpronomen
MARMERKUCH1;Marmerkuch;Substantiv, Maskulinum
MAT1;mat;Prepositioun
MATGOEN1;matgoen;Verb
MATHUELEN1;mathuelen;Verb
MAYONNAISE1;Mayonnaise;Substantiv, Femininum
MECANICIEN1;Mecanicien;Substantiv, Maskulinum
MECANICIENNE1;Mecanicienne;Substantiv, Femininum
MEDIKAMENT1;Medikament;Substantiv, Neutrum
MEE1;Mee;Substantiv, Maskulinum
MEE2;mee;Konjunktioun
MEEDCHEN1;Meedchen;Substantiv, Neutrum
MEI1;méi;Adverb
MEI3;méi;Indefinitpronomen
MEINDEG1;Méindeg;Substantiv, Maskulinum
MEINDES1;méindes;Adverb
MELLECH1;Mëllech;Substantiv, Femininum
MELOUN1;Meloun;Substantiv, Femininum
MENGEN1;mengen;Verb
MENU1;Menü;Substantiv, Maskulinum
MERCI2;merci;Interjektioun
MESCHEN1;mëschen;Verb
METSCH1;Mëtsch;Substantiv, Femininum
METT1;Mëtt;Substantiv, Femininum
METTEG1;Mëtteg;Substantiv, Maskulinum
METTEGIESSEN1;Mëttegiessen;Substantiv, Neutrum
METTES1;mëttes;Adverb
METTESPAUS1;Mëttespaus;Substantiv, Femininum
METTWOCH1;Mëttwoch;Substantiv, Maskulinum
METTWOCHS1;mëttwochs;Adverb
METTWURSCHT1;Mettwurscht;Substantiv, Femininum
METZLER1;Metzler;Substantiv, Maskulinum
METZLESCH1;Metzlesch;Substantiv, Femininum
MICKYMAUS1;Mickymaus;Substantiv, Femininum
MIDD1;midd;Adjektiv
MIEL1;Miel;Substantiv, Neutrum
MIKROWELL1;Mikrowell;Substantiv, Femininum
MINETT1;Minett;Substantiv, Femininum
MINIGOLF1;Minigolf;Substantiv, Maskulinum
MINUS3;minus;Adverb
MINUTT1;Minutt;Substantiv, Femininum
MOIEN1;Moien;Substantiv, Maskulinum
MOIEN2;moien;Interjektioun
MOIES1;moies;Adverb
MOL1;Mol;Substantiv, Neutrum
MOLEN1;molen;Verb
MOLZECHT1;Molzecht;Substantiv, Femininum
MOMENT1;Moment;Substantiv, Maskulinum
MONITEUR1;Moniteur;Substantiv, Maskulinum
MONITRICE1;Monitrice;Substantiv, Femininum
MONNI1;Monni;Substantiv, Maskulinum
MONSIEUR1;Monsieur;Substantiv, Maskulinum
MOTO1;Moto;Substantiv, Maskulinum
MOUNT1;Mount;Substantiv, Maskulinum
MUER1;muer;Adverb
MUERT1;Muert;Substantiv, Femininum
MUSEE1;Musée;Substantiv, Maskulinum
MUSEK1;Musek;Substantiv, Femininum
MUSEKER1;Museker;Substantiv, Maskulinum
MUSEKERIN1;Musekerin;Substantiv, Femininum
MUSKAT1;Muskat;Substantiv, Maskulinum
MUSKOT1;Muskot;Substantiv, Maskulinum
MUSLI1;Müsli;Substantiv, Maskulinum
MUSSEN1;mussen;Modalverb
MUUSLI1;Müüsli;Substantiv, Maskulinum
NACH1;nach;Adverb
NATIERLECH2;natierlech;Adverb
NATIONALFEIERDAG1;Nationalfeierdag;Substantiv, Maskulinum
NEE1;nee;Partikel
NEI1;nei;Adjektiv
NEMMEN1;nëmmen;Adverb
NET1;net;Partikel
NEVEU1;Neveu;Substantiv, Maskulinum
NIESS1;Niess;Substantiv, Femininum
NIWWELEG1;niwweleg;Adjektiv
NO1;no;Prepositioun
NOMETTES1;nomëttes;Adverb
NOPER1;Noper;Substantiv, Maskulinum
NOPESCH1;Nopesch;Substantiv, Femininum
NORDEN1;Norden;Substantiv, Maskulinum
NORIICHT1;Noriicht;Substantiv, Femininum
NORMALERWEIS1;normalerweis;Adverb
NOSS1;Noss;Substantiv, Femininum
NOTEIEREN1;notéieren;Verb
NOVEMBER1;November;Substantiv, Maskulinum
NUDDEL1;Nuddel;Substantiv, Femininum
NUECHT1;Nuecht;Substantiv, Femininum
NUECHTIESSEN1;Nuechtiessen;Substantiv, Neutrum
NUES1;Nues;Substantiv, Femininum
NUMM1;Numm;Substantiv, Maskulinum
NUMMER1;Nummer;Substantiv, Femininum
O1;o;Interjektioun
OCH1;och;Adverb
ODER2;oder;Konjunktioun
OFFIZIELL1;offiziell;Adjektiv
OFSCHMAACHEN1;ofschmaachen;Verb
OFT1;oft;Adverb
OK1;ok;Partikel
OKTOBER1;Oktober;Substantiv, Maskulinum
OLIVENUELEG1;Olivenueleg;Substantiv, Maskulinum
ONSERIO1;onseriö;Adjektiv
ONSPORTLECH1;onsportlech;Adjektiv
ONSYMPATHESCH1;onsympathesch;Adjektiv
OP2;op;Prepositioun
OPHALEN1;ophalen;Verb
ORANGE1;Orange;Substantiv, Femininum
OSTEN1;Osten;Substantiv, Maskulinum
OUER1;Ouer;Substantiv, Neutrum
OUSCHTEREN2;Ouschteren;Substantiv, Neutrum
OWEND1;Owend;Substantiv, Maskulinum
OWES1;owes;Adverb
PACSEN1;pacsen;Verb
PAISCHTMEINDEG1;Päischtméindeg;Substantiv, Maskulinum
PAISCHTSONNDEG1;Päischtsonndeg;Substantiv, Maskulinum
PAK1;Pak;Substantiv, Maskulinum
PAN1;Pan;Substantiv, Femininum
PAPP1;Papp;Substantiv, Maskulinum
PAPPENDAG1;Pappendag;Substantiv, Maskulinum
PAPRIKA2;Paprika;Substantiv, Maskulinum/Femininum
PASCHTEIT1;Paschtéit;Substantiv, Femininum
PASTILL1;Pastill;Substantiv, Femininum
PATIENT1;Patient;Substantiv, Maskulinum
PATIENTIN1;Patientin;Substantiv, Femininum
PEFFER1;Peffer;Substantiv, Maskulinum
PERSOUN1;Persoun;Substantiv, Femininum
PETZI1;Petzi;Substantiv, Maskulinum
PICKNICKEN1;picknicken;Verb
PILOT1;Pilot;Substantiv, Maskulinum
PILOTIN1;Pilotin;Substantiv, Femininum
PIZZA1;Pizza;Substantiv, Femininum
PLAGE1;Plage;Substantiv, Femininum
PLAT1;Plat;Substantiv, Maskulinum
PLATTDRECKEN1;plattdrécken;Verb
PLENNEREN2;plënneren;Verb
POLICEBURO1;Policebüro;Substantiv, Maskulinum
POLIZIST1;Polizist;Substantiv, Maskulinum
POLIZISTIN1;Polizistin;Substantiv, Femininum
POND1;Pond;Substantiv, Neutrum
PORRETT1;Porrett;Substantiv, Femininum
PORTO1;Porto;Substantiv, Maskulinum
POSTKAART1;Postkaart;Substantiv, Femininum
PRAKTESCH1;praktesch;Adjektiv
PRAXIS1;Praxis;Substantiv, Femininum
PREPAREIEREN1;preparéieren;Verb
PRESENTEIEREN1;presentéieren;Verb
PRIMARSCHOUL1;Primärschoul;Substantiv, Femininum
PRO1;pro;Prepositioun
PROBLEM1;Problem;Substantiv, Maskulinum
PROFF1;Proff;Substantiv, Maskulinum
PUER2;puer;Indefinitpronomen
PUPPELCHEN1;Puppelchen;Substantiv, Maskulinum
QUETSCH1;Quetsch;Substantiv, Femininum
RAIS1;Räis;Substantiv, Maskulinum
RAM1;Ram;Substantiv, Maskulinum/Femininum
RAPPEN4;rappen;Verb
RAYON1;Rayon;Substantiv, Maskulinum
RECEPTIONNIST1;Receptionnist;Substantiv, Maskulinum
RECEPTIONNISTIN1;Receptionnistin;Substantiv, Femininum
RECHNUNG1;Rechnung;Substantiv, Femininum
RECK1;Réck;Substantiv, Maskulinum
REENEN1;reenen;Verb
REGIOUN1;Regioun;Substantiv, Femininum
REI1;réi;Adjektiv
REKLAMM1;Reklamm;Substantiv, Femininum
RELATIV1;relativ;Adverb
RELAX1;relax;Adjektiv
RELIEIS1;reliéis;Adjektiv
RENDEZVOUS1;Rendez-vous;Substantiv, Maskulinum
RENSEIGNEMENT2;Renseignement;Substantiv, Maskulinum
REPAREIEREN1;reparéieren;Verb
RESTAURANT1;Restaurant;Substantiv, Maskulinum
REZEPT1;Rezept;Substantiv, Neutrum
RICHTEG1;richteg;Adjektiv
RIICHTER1;Riichter;Substantiv, Maskulinum
RIICHTERIN1;Riichterin;Substantiv, Femininum
ROUT1;rout;Adjektiv
RUTT1;Rutt;Substantiv, Femininum
SAACH1;Saach;Substantiv, Femininum
SAFTEG1;säfteg;Adjektiv
SAIT1;Säit;Substantiv, Femininum
SALZ1;Salz;Substantiv, Neutrum
SAMMELEN1;sammelen;Verb
SAMSCHDEG1;Samschdeg;Substantiv, Maskulinum
SAMSCHDES1;samschdes;Adverb
SANGEN1;sangen;Verb
SAUER1;sauer;Adjektiv
SAUMON1;Saumon;Substantiv, Maskulinum
SCAMPI1;Scampi;Substantiv, Maskulinum
SCHAFFEN3;schaffen;Verb
SCHAUSPILLER1;Schauspiller;Substantiv, Maskulinum
SCHAUSPILLERIN1;Schauspillerin;Substantiv, Femininum
SCHEIN1;schéin;Adjektiv
SCHI1;Schi;Substantiv, Maskulinum
SCHICK1;schick;Adjektiv
SCHIELEN1;schielen;Verb
SCHLITT1;Schlitt;Substantiv, Maskulinum
SCHLITTSCHONG1;Schlittschong;Substantiv, Maskulinum
SCHLITTSCHUNG1;Schlittschung;Substantiv, Maskulinum
SCHLOFEN1;schlofen;Verb
SCHMAACHEN1;schmaachen;Verb
SCHMIER2;Schmier;Substantiv, Femininum
SCHNAPP1;Schnapp;Substantiv, Maskulinum
SCHNAUZ1;Schnauz;Substantiv, Maskulinum
SCHNECK1;Schneck;Substantiv, Femininum
SCHNEIDEN1;schneiden;Verb
SCHNEIEN1;schneien;Verb
SCHOCKELA2;Schockela;Substantiv, Maskulinum
SCHOCKELASMELLECH1;Schockelasmëllech;Substantiv, Femininum
SCHOCKELASRULL1;Schockelasrull;Substantiv, Femininum
SCHONN1;schonn;Adverb
SCHOUL1;Schoul;Substantiv, Femininum
SCHREIWEN1;schreiwen;Verb
SCHULER1;Schüler;Substantiv, Maskulinum
SCHULERIN1;Schülerin;Substantiv, Femininum
SCHWAARZ1;schwaarz;Adjektiv
SCHWAMM1;Schwämm;Substantiv, Femininum
SCHWAMMEN1;schwammen;Verb
SCHWATZEN1;schwätzen;Verb
SCHWESTER1;Schwëster;Substantiv, Femininum
SEIER2;séier;Adverb
SEISS1;séiss;Adjektiv
SEKRETAR1;Sekretär;Substantiv, Maskulinum
SEKRETARIN1;Sekretärin;Substantiv, Femininum
SENGEN2;sengen;Verb
SEPTEMBER1;September;Substantiv, Maskulinum
SERIO1;seriö;Adjektiv
SERVICE1;Service;Substantiv, Maskulinum
SHOPPEN1;shoppen;Verb
SICHEN1;sichen;Verb
SINN1;sinn;Verb
SINN2;sinn;Hëllefsverb
SIROP1;Sirop;Substantiv, Maskulinum
SOLLEN1;sollen;Modalverb
SONNDEG1;Sonndeg;Substantiv, Maskulinum
SONNDES1;sonndes;Adverb
SONNEG1;sonneg;Adjektiv
SOSS1;soss;Adverb
SPADSEIEREN1;spadséieren;Verb
SPARGEL1;Spargel;Substantiv, Femininum
SPEZIALITEIT1;Spezialitéit;Substantiv, Femininum
SPILLEN1;spillen;Verb
SPILLSCHOUL1;Spillschoul;Substantiv, Femininum
SPORT1;Sport;Substantiv, Maskulinum
SPORTLECH1;sportlech;Adjektiv
SPORTLER1;Sportler;Substantiv, Maskulinum
SPORTLERIN1;Sportlerin;Substantiv, Femininum
SPORTSHAL1;Sportshal;Substantiv, Femininum
SPRANGEN1;sprangen;Verb
SPROOCH1;Sprooch;Substantiv, Femininum
SPROOCHECOURS1;Sproochecours;Substantiv, Maskulinum
SPRUDDELWAASSER1;Spruddelwaasser;Substantiv, Neutrum
STAD1;Stad;Substantiv, Femininum
STAU1;Stau;Substantiv, Maskulinum
STAUBSAUGEN1;staubsaugen;Verb
STECK1;Stéck;Substantiv, Neutrum
STEEMETZER1;Steemetzer;Substantiv, Maskulinum
STEEMETZESCH1;Steemetzesch;Substantiv, Femininum
STEMMEN1;stëmmen;Verb
STIERWEN2;stierwen;Verb
STOEN1;stoen;Verb
STONN1;Stonn;Substantiv, Femininum
STOT1;Stot;Substantiv, Maskulinum
STREISEL1;Streisel;Substantiv, Maskulinum
STROOSS1;Strooss;Substantiv, Femininum
STUDEIEREN1;studéieren;Verb
STUDENT1;Student;Substantiv, Maskulinum
STUDENTIN1;Studentin;Substantiv, Femininum
STUDIO1;Studio;Substantiv, Maskulinum
STULL1;Stull;Substantiv, Maskulinum
SUDEN1;Süden;Substantiv, Maskulinum
SUMMER1;Summer;Substantiv, Maskulinum
SUPERMARCHE1;Supermarché;Substantiv, Maskulinum
SYMPATHESCH1;sympathesch;Adjektiv
TAART1;Taart;Substantiv, Femininum
TAASS1;Taass;Substantiv, Femininum
TANKEN1;tanken;Verb
TANKSTELL1;Tankstell;Substantiv, Femininum
TATTA1;Tatta;Substantiv, Femininum
TAXI1;Taxi;Substantiv, Maskulinum
TEI1;Téi;Substantiv, Maskulinum
TELEE1;Tëlee;Substantiv, Femininum
TELEFON1;Telefon;Substantiv, Maskulinum
TELEFONSNUMMER1;Telefonsnummer;Substantiv, Femininum
TESCHENT1;tëschent;Prepositioun
THEATER1;Theater;Substantiv, Maskulinum
THERMOMETER1;Thermometer;Substantiv, Maskulinum
THON1;Thon;Substantiv, Maskulinum
TIMBER1;Timber;Substantiv, Maskulinum
TIPPTOPP1;tipptopp;Adjektiv
TOMAT1;Tomat;Substantiv, Femininum
TOMATENZOPP1;Tomatenzopp;Substantiv, Femininum
TOUR1;Tour;Substantiv, Maskulinum
TOURISTESCH1;touristesch;Adjektiv
TRADITIONELL1;traditionell;Adjektiv
TRAFICK1;Trafick;Substantiv, Maskulinum
TRAINEIEREN1;trainéieren;Verb
TRAITEUR1;Traiteur;Substantiv, Maskulinum
TRAITEUSE1;Traiteuse;Substantiv, Femininum
TRANCHE1;Tranche;Substantiv, Femininum
TUB1;Tüb;Substantiv, Maskulinum/Femininum
TUT3;Tut;Substantiv, Femininum
UEBST1;Uebst;Substantiv, Neutrum
UELEG1;Ueleg;Substantiv, Maskulinum
UFANK1;Ufank;Substantiv, Maskulinum
UFANKEN1;ufänken;Verb
UM1;um;
UM2;um;Prepositioun
UMELLEN1;umellen;Verb
UNI1;Uni;Substantiv, Femininum
USTRAICHER1;Usträicher;Substantiv, Maskulinum
USTRAICHERIN1;Usträicherin;Substantiv, Femininum
VAKANZ1;Vakanz;Substantiv, Femininum
VEGETARIER1;Vegetarier;Substantiv, Maskulinum
VEGETARIERIN1;Vegetarierin;Substantiv, Femininum
VEIEREL1;Véierel;Substantiv, Maskulinum
VELO1;Vëlo;Substantiv, Maskulinum
VERBINDUNG1;Verbindung;Substantiv, Femininum
VERGIESSEN1;vergiessen;Verb
VERKAFEN1;verkafen;Verb
VERKEEFER1;Verkeefer;Substantiv, Maskulinum
VERKEEFERIN1;Verkeeferin;Substantiv, Femininum
VILL1;vill;Adverb
VILL2;vill;Indefinitpronomen
VILLMOOLS1;villmools;Adverb
VIR3;vir;Prepositioun
VIRDRUN1;virdrun;Adverb
VIRNUMM1;Virnumm;Substantiv, Maskulinum
VIRWAL1;Virwal;Substantiv, Femininum
VUM1;vum;
VUN1;vun;Prepositioun
WAARDEN1;waarden;Verb
WAARM1;waarm;Adjektiv
WAASSER2;Waasser;Substantiv, Neutrum
WAERTEN1;wäerten;Modalverb
WAIN1;Wäin;Substantiv, Maskulinum
WAISS1;wäiss;Adjektiv
WAIT1;wäit;Adjektiv
WANNECHGELIFT1;wannechgelift;Partikel
WANTER1;Wanter;Substantiv, Maskulinum
WANTERSPORT1;Wantersport;Substantiv, Maskulinum
WASCHEN1;wäschen;Verb
WAT1;wat;Interrogativpronomen
WAT3;wat;Konjunktioun
WEEKEND1;Weekend;Substantiv, Maskulinum
WEI2;wéi;Konjunktioun
WEI3;wéi;Interrogativpronomen
WEI8;wéi;Konjunktioun
WEINI1;wéini;Adverb
WEISEN1;weisen;Verb
WELLEN1;wëllen;Verb
WELLEN3;wëllen;Modalverb
WESSEN2;wëssen;Verb
WESTEN1;Westen;Substantiv, Maskulinum
WICHTEG1;wichteg;Adjektiv
WIDDERHUELEN1;widderhuelen;Verb
WIEDER1;Wieder;Substantiv, Neutrum
WIEM1;wiem;Interrogativpronomen
WIEN1;wien;Interrogativpronomen
WOCH1;Woch;Substantiv, Femininum
WOU1;wou;Adverb
WUER2;wuer;Adverb
WUNNEN1;wunnen;Verb
ZAIT1;Zäit;Substantiv, Femininum
ZALOT1;Zalot;Substantiv, Femininum
ZANNDOKTER1;Zänndokter;Substantiv, Maskulinum
ZANNDOKTESCH1;Zänndoktesch;Substantiv, Femininum
ZANNSEEF1;Zännseef;Substantiv, Femininum
ZANT1;Zant;Substantiv, Maskulinum
ZANTER1;zanter;Prepositioun
ZEIDEG1;zeideg;Adjektiv
ZEITUNG2;Zeitung;Substantiv, Femininum
ZEITUNGSBUTTEK1;Zeitungsbuttek;Substantiv, Maskulinum
ZENTER1;zënter;Prepositioun
ZENTILITER1;Zentiliter;Substantiv, Maskulinum
ZENTRUM1;Zentrum;Substantiv, Maskulinum
ZESUMMEN1;zesummen;Adverb
ZIGARETT1;Zigarett;Substantiv, Femininum
ZITROUN1;Zitroun;Substantiv, Femininum
ZOOSSISS1;Zoossiss;Substantiv, Femininum
ZOPP1;Zopp;Substantiv, Femininum
ZORT1;Zort;Substantiv, Femininum
ZU1;zu;Prepositioun
ZUCH1;Zuch;Substantiv, Maskulinum
ZUM1;zum;
